,yields,ndvi,volumenImagen,volumenCalculado,areaCalculada,areaImagen,alturaImagen,alturaMedida,datosIafNdvi,meanRed,minRed,maxRed,minGreen,maxGreen,meanGreen,minBlue,maxBlue,meanBlue,maxHistIndexValue,maxHistRedIndexValue,maxHistGreenIndexValue,maxHistBlueIndexValue,varianceRed,varianceGreen,varianceBlue,criMean,criMax,criMin,cgreenviMean,cgreenviMax,cgreenviMin,cnirviMean,cnirviMax,cnirviMin,gndviMean,gndviMax,gndviMin,mcariOneMean,mcariOneMax,mcariOneMin,mtviOneMean,mtviOneMax,mtviOneMin,ngrdiMean,ngrdiMax,ngrdiMin,ndviMean,ndviMax,ndviMin,rviMean,rviMax,rviMin,nrviMean,nrviMax,nrviMin,tviMean,tviMax,tviMin,saviMean,saviMax,saviMin
yields,1.0,0.3620606360128911,0.7608973088102162,0.7549047452296734,0.6102318301229421,0.6321542984453792,0.7197362608947119,0.7300562797086255,0.5718684055729206,0.09237964872605062,-0.14697985628246063,0.4581561470002413,-0.3213904444468983,0.4708686120695163,0.1112274972994223,-0.018221787666427007,0.40892604265209836,0.07548073220338916,0.11880478553351524,,0.04520661108858962,0.04520661108858962,0.281555707892913,0.027769383502593132,0.4870362136558613,0.05350750053930879,0.5059185404360674,-0.19729056392040573,-0.08369369499426542,0.456592538649254,-0.31774086038400556,0.03654724353449818,0.14125586462225034,-0.04859294025296028,0.004334783666994501,0.33220217740429303,-0.4453858887119808,0.07207597002249702,0.3118475014566397,-0.012793393574284558,0.07207597002249702,0.3118475014566397,-0.012793393574284558,-0.010825743665576261,0.3316497750984769,-0.329089170059114,0.3620606360128911,0.5989404433032233,-0.42760269535921885,0.05172819034539679,0.2867300859733723,-0.4218055919619615,0.03983172384362826,0.3171732869123039,-0.42760269535921896,0.03863310878902608,0.31852217134326777,-0.42835457566650903,0.04001220609591486,0.31771202505660423,-0.4246007395557137
ndvi,0.3620606360128911,1.0,0.0068958301999202795,0.013709670178943995,0.014202399452911681,-0.03606869944521331,-0.01655460199809606,0.02796064921510843,0.2630070950222996,0.37160835647346857,0.5823263154413736,0.17142256809777204,0.15235409391466337,0.08905439184616876,-0.0427421768595246,0.637460567345957,0.2965970638137485,0.6077261461417034,0.32527668399772564,,0.06261554756762826,0.06261554756762826,-0.39935693097610525,-0.6334085932933232,-0.226752888517252,0.04718216525150987,0.11801345851747068,0.5404721756746395,-1.7076327565946986e-05,0.11491248554859343,0.15580268810080222,0.2218021740974928,-0.5607216578908301,0.6239233306754225,0.5434964400618231,-0.14794545588769178,0.18768332216532677,0.6625964802793286,0.40096097426974586,0.636060902279519,0.6625964802793286,0.40096097426974586,0.636060902279519,-0.2825310265181469,-0.39908827470947733,0.15208271097740006,1.0,0.4650255050280572,0.29111427392027023,0.7093585696278103,-0.010211151247479905,0.28362482351092216,0.7084011629631506,0.02650949885449418,0.29111427392027034,0.7081511982134624,0.028888327879752557,0.29228486105623463,0.7083989756164202,0.03442821690257473,0.2982062881923905
volumenImagen,0.7608973088102162,0.0068958301999202795,1.0,0.9483998316604944,0.7879709174275636,0.9259250920074656,0.8328369164899726,0.7094449603755537,0.5217193534048022,-0.10096359014429283,-0.47346155581143207,0.33303743070894476,-0.39861350361950587,0.3656526889422498,0.09623814311383251,-0.3575506376282046,0.22995288594282295,-0.2230791657054153,-0.04630905735709641,,0.016456740424460617,0.016456740424460617,0.3869217074658184,0.32294487269488087,0.5150030632916719,0.12033069737572634,0.42776974937698276,-0.5126895974019442,0.014776255667441007,0.34710107245683075,-0.3939404032401527,-0.011355566368922532,0.39960821956105563,-0.3912777396042175,-0.2444835253538266,0.40982431111771483,-0.49649377079179036,-0.2522754079439929,0.11210742010012727,-0.3572832150573482,-0.2522754079439929,0.11210742010012727,-0.3572832150573482,0.11172140215045138,0.4578671475863922,-0.411634776747771,0.006895830199920127,0.4525477487903026,-0.5812669496537491,-0.2943967068506784,0.333996029243195,-0.5642370649972699,-0.3025055117003431,0.33778563910781834,-0.581266949653749,-0.3032903329326558,0.3375905803728241,-0.5839900955723769,-0.3023892090922522,0.3325664170632646,-0.5821375567777279
volumenCalculado,0.7549047452296734,0.013709670178943995,0.9483998316604944,1.0,0.8277696283752296,0.9381983670614975,0.7153207562392209,0.8109524801592296,0.47137261211849407,-0.07706066976592162,-0.48942646245838783,0.3202397640890066,-0.430442123708535,0.33357500170762716,0.03110602425972961,-0.3642020025094347,0.24335521119388032,-0.1927366887028119,-0.02963503119451997,,0.04964084422362558,0.04964084422362558,0.4115613764823296,0.31899251195881995,0.4826457538151778,0.09209946880123836,0.40282622892239206,-0.5346506471134346,-0.05303786497131457,0.3411508674361094,-0.423753905306914,-0.014132514411426492,0.36523838387212476,-0.40575550503869867,-0.16071623040995603,0.4400279183315426,-0.4388301221159753,-0.23301726961540806,0.08284177671002878,-0.3694402422033824,-0.23301726961540806,0.08284177671002878,-0.3694402422033824,0.01843326521419448,0.41384069872321716,-0.44307018398638764,0.013709670178943662,0.46960954936746235,-0.5289443141876267,-0.2633984615076732,0.33744421952291237,-0.5191405191542624,-0.2694156842395043,0.35590456063577186,-0.5289443141876268,-0.2698861567402533,0.3565416389772158,-0.5304506374227589,-0.2692785744010794,0.3497183557041292,-0.5299052987866082
areaCalculada,0.6102318301229421,0.014202399452911681,0.7879709174275636,0.8277696283752296,1.0,0.8011729836029382,0.5817017657947792,0.6539037356068115,0.4107747905888035,-0.056227061620870475,-0.35088563215550517,0.32508951575905176,-0.36727000793983433,0.3295011558979751,0.04209384722236624,-0.23626872009521657,0.21228785909078848,-0.11971104856636385,-0.07857546255129008,,0.13649636756043484,0.13649636756043484,0.2424628256248442,0.18826614383810952,0.3964372526681165,0.20431066328283765,0.38763602790755974,-0.3845511330278213,0.03869151786778841,0.3336191842875218,-0.35893877797132095,0.08954811910917207,0.26392681261355805,-0.26610283057131706,-0.11872967455302572,0.3739203195982908,-0.38990654701473504,-0.13549642488437957,0.12739007887026302,-0.24625135444165913,-0.13549642488437957,0.12739007887026302,-0.24625135444165913,0.03318767973750029,0.3407502942544933,-0.38025648949255286,0.014202399452911324,0.3873989098844291,-0.45073934442466196,-0.15653614297486493,0.3152461682544276,-0.4445688716438504,-0.16247163100607012,0.333192400685481,-0.4507393444246623,-0.16306070639934897,0.3339801378442438,-0.45162333091710993,-0.16248310391250653,0.3281294164124043,-0.45010997660495344
areaImagen,0.6321542984453792,-0.03606869944521331,0.9259250920074656,0.9381983670614975,0.8011729836029382,1.0,0.5827828217654087,0.5742797852791989,0.39761719364959175,-0.10830595410289,-0.4900863879914098,0.22985537290093516,-0.4115113025117507,0.21960162213404077,-0.0077145952629454366,-0.3715972757606382,0.14547210814931885,-0.22317263093242323,-0.0744959914816123,,0.024261595912209985,0.024261595912209985,0.35509682240881535,0.32617541842146075,0.3902274538412878,0.12151645418289903,0.312557612034402,-0.5290600324154259,-0.009365915135693553,0.2328624371908313,-0.3991560640258989,0.01180246283266654,0.35005481991497467,-0.4075221247296861,-0.168734381780509,0.42455709033604355,-0.3517796198927066,-0.2647464622751492,0.053205137057885314,-0.37875767987032555,-0.2647464622751492,0.053205137057885314,-0.37875767987032555,0.012891762442521309,0.351245761920236,-0.42424394248383007,-0.03606869944521346,0.40559647656735665,-0.4780285167547488,-0.2890844843089109,0.3301435748015395,-0.4668082966586397,-0.29498211241576383,0.33882084133921997,-0.47802851675474894,-0.29554429775016655,0.3389507310162681,-0.47991447272179233,-0.29490894140247953,0.3315191437182266,-0.4795168211711985
alturaImagen,0.7197362608947119,-0.01655460199809606,0.8328369164899726,0.7153207562392209,0.5817017657947792,0.5827828217654087,1.0,0.7540903307863766,0.5631204454516875,-0.09643506822925943,-0.35710360457601004,0.42247225871471555,-0.31448602726620023,0.5143922137178958,0.1991669986225889,-0.27946852201340094,0.2774524859096203,-0.20040252503276512,-0.018187414930449515,,0.022117565508406566,0.022117565508406566,0.3430269253803604,0.26530406769558657,0.5735721566359951,0.09130107996403335,0.5151443680389176,-0.3767915905591877,0.06133404728727662,0.4651953779549543,-0.3179606446195365,-0.055422710766862,0.4016511518379336,-0.2993548847825289,-0.30163149029422553,0.32324785786936794,-0.6030264622739462,-0.20465007902272853,0.16379159643245217,-0.27001881432410735,-0.20465007902272853,0.16379159643245217,-0.27001881432410735,0.22093368865909113,0.5412772512011172,-0.3264706919540034,-0.016554601998096215,0.35223464422633555,-0.6171681788802067,-0.25466153614691295,0.23238876461358005,-0.5990712485436032,-0.26513442224396316,0.2339060454153531,-0.6171681788802069,-0.2661847170234165,0.2336149001238408,-0.619832373957798,-0.265086600940816,0.23301548481769635,-0.6170848964181059
alturaMedida,0.7300562797086255,0.02796064921510843,0.7094449603755537,0.8109524801592296,0.6539037356068115,0.5742797852791989,0.7540903307863766,1.0,0.46262133981432296,-0.046427091842524186,-0.37430676880551705,0.3977935923140617,-0.3805109462205748,0.4566154571997552,0.057740875961092494,-0.27069239033170456,0.3242452344922357,-0.1196855433278443,0.027834945164603227,,0.0919504280505461,0.0919504280505461,0.38487798392530254,0.2361775527078785,0.514659444956831,0.035133814041785075,0.46652699841860423,-0.40467351972121907,-0.11115549271533602,0.4648617262480877,-0.38038344927871875,-0.052988582234317495,0.31873977006767656,-0.30647144914847596,-0.1047356936306135,0.3837791292073026,-0.4787517834732347,-0.13959437478903675,0.11008567170781827,-0.2711793600995911,-0.13959437478903675,0.11008567170781827,-0.2711793600995911,0.01669296577054175,0.42863452269170765,-0.3914589287679689,0.027960649215108376,0.39295374051568027,-0.49416669652542206,-0.15605925534133902,0.24865066914061065,-0.4910234298363677,-0.16283359728286928,0.2777761557821605,-0.4941666965254225,-0.16330824329223478,0.27904041924876993,-0.4943182834610017,-0.16287780793230952,0.2752115290680974,-0.49411943868561076
datosIafNdvi,0.5718684055729206,0.2630070950222996,0.5217193534048022,0.47137261211849407,0.4107747905888035,0.39761719364959175,0.5631204454516875,0.46262133981432296,1.0,-0.027629455241220267,-0.14074526687917907,0.7255351770631802,-0.2024866724573442,0.7372645461370239,0.14096248014987478,-0.10529129915102879,0.34899592472857927,-0.07186344503323865,0.020546642859665613,,-0.04977001064960092,-0.04977001064960092,0.19650764538813392,0.08923685364545256,0.4299500533043262,0.20688135194864357,0.8388137244411669,-0.15536781599805966,0.194861866673619,0.734517248522926,-0.21013419967772784,0.10144929748439364,0.28234998581985854,-0.11550089267584863,-0.1533807595971458,0.20566074194319928,-0.7532273665913175,-0.06578809302428495,0.12300813164859425,-0.10767571225919649,-0.06578809302428495,0.12300813164859425,-0.10767571225919649,0.12560294749716336,0.5139266736907678,-0.20469891781790145,0.2630070950222998,0.3032806478347134,-0.8326371215633988,-0.09361851341075512,0.054565791643491304,-0.8383625302852834,-0.10120654536029326,0.05210176978126158,-0.8326371215633984,-0.10204378988704887,0.0519521809091145,-0.8309694929597647,-0.10115072270475532,0.050676905955635496,-0.8285343356522389
meanRed,0.09237964872605062,0.37160835647346857,-0.10096359014429283,-0.07706066976592162,-0.056227061620870475,-0.10830595410289,-0.09643506822925943,-0.046427091842524186,-0.027629455241220267,1.0,0.5561001575413201,0.41908334941579534,0.07463982933142532,0.270113281259797,0.42057999944240165,0.6829889761758832,0.6740455639891216,0.8891928881184958,0.6716756213561085,,0.6344621949831245,0.6344621949831245,0.08716559664397755,-0.6206764748281902,0.11516732907118654,-0.16775417701568665,0.05493972254570466,0.29660204962492553,-0.07868183401700501,0.10670697892382655,0.056536861276952816,0.19571483573532888,-0.6715141573843637,0.5987306267914343,0.40945403437269706,-0.07327150677557207,0.07049286513647975,0.759255027070226,0.4262677646140925,0.6798359456896336,0.759255027070226,0.4262677646140925,0.6798359456896336,-0.23293082156212183,-0.26861733227768597,0.08210685404567823,0.37160835647346885,0.2679375221363084,0.2189848670506143,0.5056960440223351,0.016870040998790758,0.2037171874188729,0.519275893770642,0.09465690615080265,0.21898486705061443,0.521071030759523,0.09935595770152342,0.22147170355523355,0.524095061101757,0.10340535460870587,0.22785823669162034
minRed,-0.14697985628246063,0.5823263154413736,-0.47346155581143207,-0.48942646245838783,-0.35088563215550517,-0.4900863879914098,-0.35710360457601004,-0.37430676880551705,-0.14074526687917907,0.5561001575413201,1.0,0.11152421360293573,0.381374144355556,0.043350474849931334,0.09636636893897875,0.9042751449682508,0.2626943424354682,0.7849726504083522,0.44047601854807295,,0.24110515934012453,0.24110515934012453,-0.6446019530269583,-0.8575211447946965,-0.41914845819084673,-0.03327762629850958,-0.10006549401404234,0.9576963613214138,-0.021542930541305922,0.003371602790707945,0.3829100436477169,0.24313566768865033,-0.785558240671585,0.9104495666157691,0.5569869776831398,-0.37931334050377896,0.3316145700222602,0.8320914808907802,0.44990786242532865,0.899050771098535,0.8320914808907802,0.44990786242532865,0.899050771098535,-0.21296842314009035,-0.48566563711669714,0.3821967094770201,0.5823263154413737,-0.12623808856141727,0.5295963419531533,0.8173065913240527,-0.35028657991575984,0.5160240171377393,0.8230801479127362,-0.3140358864342516,0.5295963419531535,0.8234855786945905,-0.3112019568344894,0.5317749133529981,0.8241885475701966,-0.30000181129586906,0.5384340321911576
maxRed,0.4581561470002413,0.17142256809777204,0.33303743070894476,0.3202397640890066,0.32508951575905176,0.22985537290093516,0.42247225871471555,0.3977935923140617,0.7255351770631802,0.41908334941579534,0.11152421360293573,1.0,-0.1503739345277656,0.9275424827997267,0.30915320330727775,0.22623688272676462,0.712157768321943,0.3232889475140726,0.26971279952102717,,0.3249256841021144,0.3249256841021144,0.2503912322741613,-0.19907827580959284,0.5119574676550459,0.10141446996220022,0.9233725312154927,-0.01672935699544169,0.12624565184295275,0.8669831041870772,-0.16552663779790117,0.200065833921443,0.02097709149599986,0.1887070518202112,0.048101012292779535,0.15385118738160236,-0.7174437960051466,0.2670602611636199,0.2814503113410466,0.2216529677486432,0.2670602611636199,0.2814503113410466,0.2216529677486432,-0.009220461381026519,0.4258022480713774,-0.14732626330230264,0.17142256809777212,0.35848396274633887,-0.6332516726186792,0.13545678180540557,0.14688467810271383,-0.6428403023925096,0.1316880501856277,0.20087327007015354,-0.6332516726186792,0.13132060737512902,0.20386900561230428,-0.6309894408122552,0.13396456631702183,0.20389557461232793,-0.6243365545500177
minGreen,-0.3213904444468983,0.15235409391466337,-0.39861350361950587,-0.430442123708535,-0.36727000793983433,-0.4115113025117507,-0.31448602726620023,-0.3805109462205748,-0.2024866724573442,0.07463982933142532,0.381374144355556,-0.1503739345277656,1.0,-0.12515962188965704,0.16597454747297058,0.28832680683860135,-0.16809507959003506,0.2006356802141121,-0.01294268677456226,,0.055496678999552365,0.055496678999552365,-0.4087476449646519,-0.29943882475221456,-0.313317494087737,0.07406579486299472,-0.2061896509883702,0.4168580951602037,0.04378105597313109,-0.19640221100567107,0.9952339330523848,0.12043468540290288,-0.3388217104140409,0.3076462564399888,0.021107794917920364,-0.9966307142881532,0.18882605006401054,0.2785951771690156,0.15952797161683643,0.308618449798426,0.2785951771690156,0.15952797161683643,0.308618449798426,0.18890183207498643,-0.17191668547094052,0.9946213678910973,0.15235409391466329,-0.22666192404612842,0.32159301082729885,0.281501215952461,-0.18886388408588278,0.33173716007423776,0.28665467099602204,-0.2093125794903245,0.3215930108272991,0.2870343538745848,-0.21015341526067471,0.31993952881289345,0.286348530074462,-0.20575316347601663,0.3228678525649784
maxGreen,0.4708686120695163,0.08905439184616876,0.3656526889422498,0.33357500170762716,0.3295011558979751,0.21960162213404077,0.5143922137178958,0.4566154571997552,0.7372645461370239,0.270113281259797,0.043350474849931334,0.9275424827997267,-0.12515962188965704,1.0,0.3714188919921522,0.1332756338020627,0.6187147632219925,0.1935829228525017,0.17945372355385122,,0.27506745723042364,0.27506745723042364,0.20491411558992703,-0.1235543279876603,0.5861355276437669,0.1428216126566473,0.8987519829011998,-0.044356742091689286,0.12627643306236802,0.9232843727270824,-0.14196630054432496,0.15213001548629343,0.1234368408490708,0.10930647338307428,-0.10634163435564956,0.12767896554336725,-0.8406689970366336,0.17828918317287365,0.32929202161753357,0.13637258132699376,0.17828918317287365,0.32929202161753357,0.13637258132699376,0.1553992729000725,0.5925975610862733,-0.1219994396586912,0.08905439184616887,0.30966981357703255,-0.6859883787979961,0.06394614113435815,0.18092721822938135,-0.6951629410809047,0.057001369981619476,0.21429789881068198,-0.6859883787979961,0.05622516058154067,0.21604669879762073,-0.683743890449192,0.05857571556617201,0.2175878063593707,-0.6782868951989022
meanGreen,0.1112274972994223,-0.0427421768595246,0.09623814311383251,0.03110602425972961,0.04209384722236624,-0.0077145952629454366,0.1991669986225889,0.057740875961092494,0.14096248014987478,0.42057999944240165,0.09636636893897875,0.30915320330727775,0.16597454747297058,0.3714188919921522,1.0,0.15162158808256737,0.3424191151199688,0.24547425013762428,0.16499001607424826,,0.34599702270564076,0.34599702270564076,0.22388229991934652,-0.109906319037574,0.5835971368279611,-0.05056112894558869,0.1523971677815306,-0.031085766611259925,-0.09377460226012609,-0.005749220137264311,0.11520947990187838,0.029767062714721484,-0.09847477205150457,0.1198893426911216,-0.5799152754556949,-0.17524547969402507,-0.34668523889250924,0.2626333136430229,0.4179875795266558,0.1718015428937439,0.2626333136430229,0.4179875795266558,0.1718015428937439,0.7740688108330167,0.3981601644301782,0.19086390240371764,-0.04274217685952452,0.1435034622601579,-0.18407770861023562,-0.020905505384845962,0.09878134895286893,-0.18738698162496598,-0.01846298059558449,0.12510751403751919,-0.18407770861023548,-0.01798107248315025,0.1266442264138118,-0.18326004110914598,-0.015548581516137675,0.12847568059981948,-0.1810602810027028
minBlue,-0.018221787666427007,0.637460567345957,-0.3575506376282046,-0.3642020025094347,-0.23626872009521657,-0.3715972757606382,-0.27946852201340094,-0.27069239033170456,-0.10529129915102879,0.6829889761758832,0.9042751449682508,0.22623688272676462,0.28832680683860135,0.1332756338020627,0.15162158808256737,1.0,0.3998080357215038,0.9087903063225902,0.5298282704944883,,0.3092098260987749,0.3092098260987749,-0.5520171908950912,-0.952555565309003,-0.2569945813935634,-0.04540922682038969,-0.027555383745655356,0.8013661466711971,-0.057357633696778265,0.07728130162268455,0.2832943285002828,0.315824671875747,-0.8531458417231788,0.9920606400698818,0.6273446489678582,-0.284110249162506,0.26713083638771495,0.9453081110561741,0.5614678598599956,0.989310911701097,0.9453081110561741,0.5614678598599956,0.989310911701097,-0.26778033184065747,-0.4719273032123371,0.2929784314116114,0.637460567345957,0.16359449921301375,0.48078132281803415,0.9124385396794391,-0.012861852301600432,0.4669872241341473,0.9138126183905095,0.04021294459469039,0.4807813228180346,0.9137310542123626,0.04356830500044275,0.4828132564998623,0.9153362976781733,0.054065225114890536,0.49159789571954976
maxBlue,0.40892604265209836,0.2965970638137485,0.22995288594282295,0.24335521119388032,0.21228785909078848,0.14547210814931885,0.2774524859096203,0.3242452344922357,0.34899592472857927,0.6740455639891216,0.2626943424354682,0.712157768321943,-0.16809507959003506,0.6187147632219925,0.3424191151199688,0.3998080357215038,1.0,0.5618354681403084,0.46495888513097844,,0.4240536307224303,0.4240536307224303,0.3316859111617642,-0.2839603299672349,0.4477507053129533,-0.06364888533287812,0.5167407279820386,0.07347928259637311,-0.017022455595057214,0.5156213617151283,-0.1821651920078578,0.08799348466967027,-0.08685743554191964,0.3353837138630636,0.21124033670395415,0.16966335165911242,-0.36027999986140286,0.4653562846587413,0.41436678692945283,0.38824173137253776,0.4653562846587413,0.41436678692945283,0.38824173137253776,-0.1402985320383809,0.15563845828728767,-0.1586598532098347,0.2965970638137483,0.4342879055502352,-0.2149261272107476,0.2786577819825765,0.12230014001595287,-0.22636896189682368,0.27529146796181836,0.20259183714708107,-0.2149261272107478,0.2750652503570908,0.20693097262009982,-0.2128554200558825,0.2786779379726304,0.21026856892057463,-0.20691697927781683
meanBlue,0.07548073220338916,0.6077261461417034,-0.2230791657054153,-0.1927366887028119,-0.11971104856636385,-0.22317263093242323,-0.20040252503276512,-0.1196855433278443,-0.07186344503323865,0.8891928881184958,0.7849726504083522,0.3232889475140726,0.2006356802141121,0.1935829228525017,0.24547425013762428,0.9087903063225902,0.5618354681403084,1.0,0.6799771817155935,,0.4959118918994148,0.4959118918994148,-0.2793652587054867,-0.8693608745889168,-0.12394214839129117,-0.09307019730540816,-0.0019962522465668507,0.5971004448641364,-0.07341394596083119,0.09930177769283885,0.1923302525330265,0.30444721122824087,-0.8713635905593288,0.8505811655897001,0.640233529252954,-0.19624771518037215,0.21884821261638662,0.9657945362730623,0.5720390928443888,0.9112043056478587,0.9657945362730623,0.5720390928443888,0.9112043056478587,-0.3260717705315028,-0.4455730871036992,0.20552350336812186,0.6077261461417035,0.2719630691368219,0.4102060363807924,0.8429530096788259,0.020974772849789276,0.3957250787124521,0.8509293322294788,0.09847889529147812,0.41020603638079206,0.8518733208737262,0.10320249978541955,0.4124214373771194,0.8538859506223003,0.11042882841836456,0.42073160465595844
maxHistIndexValue,0.11880478553351524,0.32527668399772564,-0.04630905735709641,-0.02963503119451997,-0.07857546255129008,-0.0744959914816123,-0.018187414930449515,0.027834945164603227,0.020546642859665613,0.6716756213561085,0.44047601854807295,0.26971279952102717,-0.01294268677456226,0.17945372355385122,0.16499001607424826,0.5298282704944883,0.46495888513097844,0.6799771817155935,1.0,,0.41093627873326466,0.41093627873326466,-0.011264347562276492,-0.43782021419353895,-0.03686376236707099,-0.116268517185155,0.02196886767311768,0.2733869594067672,-0.04342410501684007,0.11614473816258182,-0.027347655348777495,0.10198054098602649,-0.5318793378421979,0.46176883279175274,0.43451337382571226,0.0073888247221311045,0.09094394658381773,0.6134808579614853,0.5174052986441832,0.5273465461794165,0.6134808579614853,0.5174052986441832,0.5273465461794165,-0.27622677968605674,-0.2502568865389125,-0.0031505354053577438,0.3252766839977255,0.177064041509091,0.1528572591194847,0.4796864645642117,-0.0028756013207415936,0.14978324295594467,0.48404229420668926,0.04417302111052792,0.1528572591194847,0.48468243577934383,0.04704059444948745,0.15330035722227453,0.48668780028355524,0.053818036021227186,0.15943561038776338
maxHistRedIndexValue,,,,,,,,,,,,,,,,,,,,,,,,,,,,,,,,,,,,,,,,,,,,,,,,,,,,,,,,,,,,,
maxHistGreenIndexValue,0.04520661108858962,0.06261554756762826,0.016456740424460617,0.04964084422362558,0.13649636756043484,0.024261595912209985,0.022117565508406566,0.0919504280505461,-0.04977001064960092,0.6344621949831245,0.24110515934012453,0.3249256841021144,0.055496678999552365,0.27506745723042364,0.34599702270564076,0.3092098260987749,0.4240536307224303,0.4959118918994148,0.41093627873326466,,1.0,1.0,0.0835027933199455,-0.31125152992502864,0.16882224669659038,-0.03866140426236715,0.08843595248540612,0.057610416368602174,0.007343327324212959,0.15434629505054734,0.036562511754223044,0.09561802881712957,-0.34951912395419493,0.2430191717846698,0.15060050108773476,-0.059495316675048794,-0.03956482130680943,0.3927482875216964,0.22617470412418975,0.30956272611529756,0.3927482875216964,0.22617470412418975,0.30956272611529756,-0.07409642548024051,-0.10547508790075037,0.0528214331997956,0.06261554756762831,0.007610408429408505,0.09332251850900196,0.18339115881573642,-0.02302111673612172,0.07516950883419554,0.200758504550008,-0.0052574301041132965,0.09332251850900193,0.20303076073035004,-0.003983940658950764,0.09669301125159974,0.20426509225070966,-0.0034305324947954442,0.0979479792826855
maxHistBlueIndexValue,0.04520661108858962,0.06261554756762826,0.016456740424460617,0.04964084422362558,0.13649636756043484,0.024261595912209985,0.022117565508406566,0.0919504280505461,-0.04977001064960092,0.6344621949831245,0.24110515934012453,0.3249256841021144,0.055496678999552365,0.27506745723042364,0.34599702270564076,0.3092098260987749,0.4240536307224303,0.4959118918994148,0.41093627873326466,,1.0,1.0,0.0835027933199455,-0.31125152992502864,0.16882224669659038,-0.03866140426236715,0.08843595248540612,0.057610416368602174,0.007343327324212959,0.15434629505054734,0.036562511754223044,0.09561802881712957,-0.34951912395419493,0.2430191717846698,0.15060050108773476,-0.059495316675048794,-0.03956482130680943,0.3927482875216964,0.22617470412418975,0.30956272611529756,0.3927482875216964,0.22617470412418975,0.30956272611529756,-0.07409642548024051,-0.10547508790075037,0.0528214331997956,0.06261554756762831,0.007610408429408505,0.09332251850900196,0.18339115881573642,-0.02302111673612172,0.07516950883419554,0.200758504550008,-0.0052574301041132965,0.09332251850900193,0.20303076073035004,-0.003983940658950764,0.09669301125159974,0.20426509225070966,-0.0034305324947954442,0.0979479792826855
varianceRed,0.281555707892913,-0.39935693097610525,0.3869217074658184,0.4115613764823296,0.2424628256248442,0.35509682240881535,0.3430269253803604,0.38487798392530254,0.19650764538813392,0.08716559664397755,-0.6446019530269583,0.2503912322741613,-0.4087476449646519,0.20491411558992703,0.22388229991934652,-0.5520171908950912,0.3316859111617642,-0.2793652587054867,-0.011264347562276492,,0.0835027933199455,0.0835027933199455,1.0,0.6268665662778555,0.6650619280893706,-0.1994323917702986,0.23755359311636368,-0.7613045587574809,-0.08762713627078055,0.11915762688394228,-0.4186674039826894,-0.2810239648558457,0.5269198984162579,-0.6130666316092528,-0.3767329939944312,0.4045634327029774,-0.39223065754714076,-0.43478169293199687,-0.21364983034180113,-0.5484368742331915,-0.43478169293199687,-0.21364983034180113,-0.5484368742331915,0.09826325913541883,0.4211168915078635,-0.4044862541214506,-0.39935693097610514,0.23347521771482047,-0.4833175416609611,-0.6053048645719185,0.1797097871040429,-0.47828394828375514,-0.6058107442301147,0.20669285306771398,-0.4833175416609613,-0.605320788125474,0.20769321064343466,-0.4840736934672317,-0.6035633193844164,0.198311983808691,-0.48700661566630754
varianceGreen,0.027769383502593132,-0.6334085932933232,0.32294487269488087,0.31899251195881995,0.18826614383810952,0.32617541842146075,0.26530406769558657,0.2361775527078785,0.08923685364545256,-0.6206764748281902,-0.8575211447946965,-0.19907827580959284,-0.29943882475221456,-0.1235543279876603,-0.109906319037574,-0.952555565309003,-0.2839603299672349,-0.8693608745889168,-0.43782021419353895,,-0.31125152992502864,-0.31125152992502864,0.6268665662778555,1.0,0.2703000787322799,-0.01424143365802552,0.034145714993895473,-0.7693113207861434,0.039527940677032525,-0.085683921100294,-0.29613906769021486,-0.37887559049966996,0.8819069900314285,-0.9452959357486004,-0.6417381928890344,0.29399352956491454,-0.27123109187643074,-0.9194915668698587,-0.4656839205471502,-0.9579097287340522,-0.9194915668698587,-0.4656839205471502,-0.9579097287340522,0.2765557291358304,0.4913013069894806,-0.303382849831354,-0.6334085932933231,-0.15852943539905107,-0.46433771664596374,-0.9178954710291287,-0.0015080672546672188,-0.45082332785397394,-0.9252392604945111,-0.05181370105215031,-0.46433771664596374,-0.9259352065971673,-0.05511710087004365,-0.4663542346957479,-0.9262880301013269,-0.06336927991129918,-0.4749525864791218
varianceBlue,0.4870362136558613,-0.226752888517252,0.5150030632916719,0.4826457538151778,0.3964372526681165,0.3902274538412878,0.5735721566359951,0.514659444956831,0.4299500533043262,0.11516732907118654,-0.41914845819084673,0.5119574676550459,-0.313317494087737,0.5861355276437669,0.5835971368279611,-0.2569945813935634,0.4477507053129533,-0.12394214839129117,-0.03686376236707099,,0.16882224669659038,0.16882224669659038,0.6650619280893706,0.2703000787322799,1.0,-0.020909345730602328,0.5010349804019333,-0.5168082705765875,-0.11505117097280472,0.38741855463237723,-0.3411419799312707,-0.07118606640189876,0.4025704024388943,-0.28807757593301203,-0.516011672220056,0.3139123387950477,-0.6797900971134061,-0.16200493860885323,0.1563315063628235,-0.2543557594712477,-0.16200493860885323,0.1563315063628235,-0.2543557594712477,0.4350688192005671,0.6635988618729882,-0.3011794048203754,-0.2267528885172519,0.38851432840542616,-0.6204147611710996,-0.3335760076337026,0.3742603750755439,-0.6147275586668811,-0.34291350470902693,0.4005755794469366,-0.6204147611710998,-0.34370343005313564,0.40154834547108886,-0.621131744180303,-0.34122454992026086,0.39833204533093713,-0.619639791034284
criMean,0.05350750053930879,0.04718216525150987,0.12033069737572634,0.09209946880123836,0.20431066328283765,0.12151645418289903,0.09130107996403335,0.035133814041785075,0.20688135194864357,-0.16775417701568665,-0.03327762629850958,0.10141446996220022,0.07406579486299472,0.1428216126566473,-0.05056112894558869,-0.04540922682038969,-0.06364888533287812,-0.09307019730540816,-0.116268517185155,,-0.03866140426236715,-0.03866140426236715,-0.1994323917702986,-0.01424143365802552,-0.020909345730602328,1.0,0.18143782693118557,0.014673869896724218,0.6715788659993575,0.16851721178334195,0.08866019376395837,0.7800450829621719,0.07104770134506766,-0.03252940092504686,-0.047619072274281464,-0.0701054958914929,-0.2171348991525194,-0.038354132823862255,0.06911987615227816,-0.0399357141849975,-0.038354132823862255,0.06911987615227816,-0.0399357141849975,0.06333210740527204,0.20586987705365228,0.08546096636897621,0.04718216525150593,0.06521570539655087,-0.1714085713104218,0.01575698706800788,0.060804441085592624,-0.1751947279515063,0.004367992259828279,0.05287338618371941,-0.17140857131042192,0.002650960934514496,0.052623572713061284,-0.17083909066405137,0.0034419179908572305,0.050758134599674896,-0.17012473183474047
criMax,0.5059185404360674,0.11801345851747068,0.42776974937698276,0.40282622892239206,0.38763602790755974,0.312557612034402,0.5151443680389176,0.46652699841860423,0.8388137244411669,0.05493972254570466,-0.10006549401404234,0.9233725312154927,-0.2061896509883702,0.8987519829011998,0.1523971677815306,-0.027555383745655356,0.5167407279820386,-0.0019962522465668507,0.02196886767311768,,0.08843595248540612,0.08843595248540612,0.23755359311636368,0.034145714993895473,0.5010349804019333,0.18143782693118557,1.0,-0.13592313197551684,0.17733140135187148,0.9054840423466128,-0.2154374043369504,0.13210172116039157,0.29583380800243353,-0.03545615184596105,-0.09779217110307728,0.20849171684935994,-0.8030744386045341,-0.012175134042582516,0.1319956216360037,-0.032401285211337096,-0.012175134042582516,0.1319956216360037,-0.032401285211337096,0.06684697784160464,0.5550822145759267,-0.20525326511685643,0.11801345851747086,0.33345675482892023,-0.7732709215959752,-0.0507592028034757,0.15115996441653834,-0.7778824212979258,-0.06050127672479193,0.17848120040753063,-0.7732709215959758,-0.06164903189361441,0.17986205139371927,-0.7717533652376303,-0.05997100385991245,0.17822579463339835,-0.7671125334136524
criMin,-0.19729056392040573,0.5404721756746395,-0.5126895974019442,-0.5346506471134346,-0.3845511330278213,-0.5290600324154259,-0.3767915905591877,-0.40467351972121907,-0.15536781599805966,0.29660204962492553,0.9576963613214138,-0.01672935699544169,0.4168580951602037,-0.044356742091689286,-0.031085766611259925,0.8013661466711971,0.07347928259637311,0.5971004448641364,0.2733869594067672,,0.057610416368602174,0.057610416368602174,-0.7613045587574809,-0.7693113207861434,-0.5168082705765875,0.014673869896724218,-0.13592313197551684,1.0,-0.005647211757720587,-0.03521803056816677,0.4255471851641725,0.21008239978738025,-0.6718240531052039,0.8372533770576136,0.49909945896232266,-0.41418111127948687,0.36013934475581055,0.695871979119629,0.36771899291850374,0.7969189399789314,0.695871979119629,0.36771899291850374,0.7969189399789314,-0.16362739530265022,-0.4646114116648513,0.4147044549400259,0.5404721756746396,-0.23742393251257632,0.5358281559017001,0.7664471988508158,-0.42285387299306154,0.5251980384007242,0.7682197150629029,-0.40358926557996794,0.5358281559017003,0.7680552610629785,-0.40170736137299795,0.5375349887231222,0.7678415182812451,-0.39040265551265846,0.542912455707183
cgreenviMean,-0.08369369499426542,-1.7076327565946986e-05,0.014776255667441007,-0.05303786497131457,0.03869151786778841,-0.009365915135693553,0.06133404728727662,-0.11115549271533602,0.194861866673619,-0.07868183401700501,-0.021542930541305922,0.12624565184295275,0.04378105597313109,0.12627643306236802,-0.09377460226012609,-0.057357633696778265,-0.017022455595057214,-0.07341394596083119,-0.04342410501684007,,0.007343327324212959,0.007343327324212959,-0.08762713627078055,0.039527940677032525,-0.11505117097280472,0.6715788659993575,0.17733140135187148,-0.005647211757720587,1.0,0.16763909566570273,0.05285545388753596,0.3639733343875967,0.08995859735896178,-0.057180250370795514,-0.010207087008218062,-0.03903073817180628,-0.16634529796445308,-0.07331791834483836,0.0005411242104007742,-0.04364190167620215,-0.07331791834483836,0.0005411242104007742,-0.04364190167620215,-0.015679083874765982,0.14931633178699036,0.05135541020420973,-1.7076327569102116e-05,-0.007263882938026773,-0.17384881712849723,-0.06342408876454522,-0.042737229926506484,-0.18238995148090634,-0.06671011997103253,-0.0525777903737407,-0.17384881712849726,-0.06724540520881161,-0.05286149826479065,-0.17237462920093635,-0.06690931282918115,-0.05501040888486943,-0.1727663085747296
cgreenviMax,0.456592538649254,0.11491248554859343,0.34710107245683075,0.3411508674361094,0.3336191842875218,0.2328624371908313,0.4651953779549543,0.4648617262480877,0.734517248522926,0.10670697892382655,0.003371602790707945,0.8669831041870772,-0.19640221100567107,0.9232843727270824,-0.005749220137264311,0.07728130162268455,0.5156213617151283,0.09930177769283885,0.11614473816258182,,0.15434629505054734,0.15434629505054734,0.11915762688394228,-0.085683921100294,0.38741855463237723,0.16851721178334195,0.9054840423466128,-0.03521803056816677,0.16763909566570273,1.0,-0.195575443668899,0.1472711834218643,0.17662040290052164,0.06652573766828714,0.11410821325050202,0.2022335239629973,-0.7655588322609702,0.07976262038395897,0.1790127299840081,0.07274430333094721,0.07976262038395897,0.1790127299840081,0.07274430333094721,-0.13796440648555355,0.480191863011058,-0.20287353691504215,0.11491248554859348,0.2710498001442799,-0.6595874071314697,0.07542285513543091,0.15188865004428373,-0.6694200230519499,0.06734932612631647,0.17673377500737056,-0.65958740713147,0.06637064364946398,0.17797596095192103,-0.657250645528697,0.06778454340629277,0.1787103581046342,-0.6525701282007486
cgreenviMin,-0.31774086038400556,0.15580268810080222,-0.3939404032401527,-0.423753905306914,-0.35893877797132095,-0.3991560640258989,-0.3179606446195365,-0.38038344927871875,-0.21013419967772784,0.056536861276952816,0.3829100436477169,-0.16552663779790117,0.9952339330523848,-0.14196630054432496,0.11520947990187838,0.2832943285002828,-0.1821651920078578,0.1923302525330265,-0.027347655348777495,,0.036562511754223044,0.036562511754223044,-0.4186674039826894,-0.29613906769021486,-0.3411419799312707,0.08866019376395837,-0.2154374043369504,0.4255471851641725,0.05285545388753596,-0.195575443668899,1.0,0.12478609349151866,-0.33750194887008317,0.3041795749412098,0.05333146823427879,-0.9888022203969153,0.20346356302331844,0.2693778659199611,0.14151399641710824,0.3003152894333716,0.2693778659199611,0.14151399641710824,0.3003152894333716,0.1483273068693865,-0.19082896724605333,0.9860310514397098,0.15580268810080217,-0.23123280598018403,0.33219902893241937,0.28710441663189695,-0.19179245920139584,0.3419617716387142,0.29182693472802856,-0.21331169845498762,0.3321990289324196,0.2921426488149089,-0.21422177717710908,0.33054444462000204,0.29138231319097346,-0.20990948153847994,0.3333481659734254
cnirviMean,0.03654724353449818,0.2218021740974928,-0.011355566368922532,-0.014132514411426492,0.08954811910917207,0.01180246283266654,-0.055422710766862,-0.052988582234317495,0.10144929748439364,0.19571483573532888,0.24313566768865033,0.200065833921443,0.12043468540290288,0.15213001548629343,0.029767062714721484,0.315824671875747,0.08799348466967027,0.30444721122824087,0.10198054098602649,,0.09561802881712957,0.09561802881712957,-0.2810239648558457,-0.37887559049966996,-0.07118606640189876,0.7800450829621719,0.13210172116039157,0.21008239978738025,0.3639733343875967,0.1472711834218643,0.12478609349151866,1.0,-0.32931388859033334,0.3093448664269642,0.23073184664802432,-0.11764405587638697,-0.07959818492790892,0.3372380990442639,0.19808240010812525,0.3198875129426275,0.3372380990442639,0.19808240010812525,0.3198875129426275,-0.10353773317392026,-0.03492480994502947,0.13189461614391818,0.22180217409750097,0.1436884117895458,0.02606754871763814,0.3549298920435181,0.1168557470995809,0.021889105931069703,0.3478077120529402,0.14098683406713688,0.026067548717638136,0.34658907870316763,0.1425240053597271,0.02663411975303058,0.3481118294570271,0.14231241244726656,0.03163799589938431
cnirviMax,0.14125586462225034,-0.5607216578908301,0.39960821956105563,0.36523838387212476,0.26392681261355805,0.35005481991497467,0.4016511518379336,0.31873977006767656,0.28234998581985854,-0.6715141573843637,-0.785558240671585,0.02097709149599986,-0.3388217104140409,0.1234368408490708,-0.09847477205150457,-0.8531458417231788,-0.08685743554191964,-0.8713635905593288,-0.5318793378421979,,-0.34951912395419493,-0.34951912395419493,0.5269198984162579,0.8819069900314285,0.4025704024388943,0.07104770134506766,0.29583380800243353,-0.6718240531052039,0.08995859735896178,0.17662040290052164,-0.33750194887008317,-0.32931388859033334,1.0,-0.8212986959145874,-0.6445639494433915,0.33444921707308295,-0.4673536389915471,-0.8882856687986562,-0.43290612881006385,-0.8626287085560324,-0.8882856687986562,-0.43290612881006385,-0.8626287085560324,0.3060698109288845,0.6246725206812662,-0.3391373520678599,-0.5607216578908298,-0.07583832163343912,-0.612989214421884,-0.8526925606417344,0.04634219265189041,-0.6016780716165256,-0.864954830788618,-0.0005630956471847212,-0.6129892144218841,-0.8663210510316449,-0.0037529086235971636,-0.6145518398696067,-0.8664986201028566,-0.010068764449729975,-0.6209594358003311
cnirviMin,-0.04859294025296028,0.6239233306754225,-0.3912777396042175,-0.40575550503869867,-0.26610283057131706,-0.4075221247296861,-0.2993548847825289,-0.30647144914847596,-0.11550089267584863,0.5987306267914343,0.9104495666157691,0.1887070518202112,0.3076462564399888,0.10930647338307428,0.1198893426911216,0.9920606400698818,0.3353837138630636,0.8505811655897001,0.46176883279175274,,0.2430191717846698,0.2430191717846698,-0.6130666316092528,-0.9452959357486004,-0.28807757593301203,-0.03252940092504686,-0.03545615184596105,0.8372533770576136,-0.057180250370795514,0.06652573766828714,0.3041795749412098,0.3093448664269642,-0.8212986959145874,1.0,0.6017494369386122,-0.30347012851980304,0.2736266023864262,0.9068397517911428,0.5336712345283303,0.9774611846608549,0.9068397517911428,0.5336712345283303,0.9774611846608549,-0.24045534762072684,-0.4649927334196447,0.311884457109028,0.6239233306754224,0.12372530793548572,0.48905091505540477,0.9024372984848122,-0.02604691069615144,0.4756812719679286,0.901915058690731,0.018671545546664538,0.4890509150554047,0.9015468117689368,0.02154837907476538,0.4910024627475033,0.9029697992894228,0.03258448384192873,0.4995736330336065
gndviMean,0.004334783666994501,0.5434964400618231,-0.2444835253538266,-0.16071623040995603,-0.11872967455302572,-0.168734381780509,-0.30163149029422553,-0.1047356936306135,-0.1533807595971458,0.40945403437269706,0.5569869776831398,0.048101012292779535,0.021107794917920364,-0.10634163435564956,-0.5799152754556949,0.6273446489678582,0.21124033670395415,0.640233529252954,0.43451337382571226,,0.15060050108773476,0.15060050108773476,-0.3767329939944312,-0.6417381928890344,-0.516011672220056,-0.047619072274281464,-0.09779217110307728,0.49909945896232266,-0.010207087008218062,0.11410821325050202,0.05333146823427879,0.23073184664802432,-0.6445639494433915,0.6017494369386122,1.0,-0.010272283451738355,0.43493464151937145,0.5990333486062257,0.1423667291031862,0.6167610331331949,0.5990333486062257,0.1423667291031862,0.6167610331331949,-0.8898391250914306,-0.6730020383739929,0.006264317393867538,0.5434964400618228,0.132886252342719,0.46901935560823427,0.7249030947657997,-0.0481692978695046,0.4590265576586871,0.731290592228386,-0.00024023255516003307,0.4690193556082343,0.7319658825184993,0.0027064499541759966,0.4703227244501218,0.7313742557872094,0.006662932261488412,0.475507535729063
gndviMax,0.33220217740429303,-0.14794545588769178,0.40982431111771483,0.4400279183315426,0.3739203195982908,0.42455709033604355,0.32324785786936794,0.3837791292073026,0.20566074194319928,-0.07327150677557207,-0.37931334050377896,0.15385118738160236,-0.9966307142881532,0.12767896554336725,-0.17524547969402507,-0.284110249162506,0.16966335165911242,-0.19624771518037215,0.0073888247221311045,,-0.059495316675048794,-0.059495316675048794,0.4045634327029774,0.29399352956491454,0.3139123387950477,-0.0701054958914929,0.20849171684935994,-0.41418111127948687,-0.03903073817180628,0.2022335239629973,-0.9888022203969153,-0.11764405587638697,0.33444921707308295,-0.30347012851980304,-0.010272283451738355,1.0,-0.18973755543415993,-0.2744499525169774,-0.15397994686023866,-0.3056024544701619,-0.2744499525169774,-0.15397994686023866,-0.3056024544701619,-0.20054046980484164,0.17425675594707346,-0.9967838439023682,-0.14794545588769134,0.2328966332372421,-0.3230429766695702,-0.27450216100723474,0.19325233834058125,-0.33245930237779225,-0.2801103265883587,0.21484539017347806,-0.32304297666957044,-0.2805512855514249,0.21575701619269796,-0.32153239894042107,-0.2798194769292024,0.21136017412886685,-0.32423023798813433
gndviMin,-0.4453858887119808,0.18768332216532677,-0.49649377079179036,-0.4388301221159753,-0.38990654701473504,-0.3517796198927066,-0.6030264622739462,-0.4787517834732347,-0.7532273665913175,0.07049286513647975,0.3316145700222602,-0.7174437960051466,0.18882605006401054,-0.8406689970366336,-0.34668523889250924,0.26713083638771495,-0.36027999986140286,0.21884821261638662,0.09094394658381773,,-0.03956482130680943,-0.03956482130680943,-0.39223065754714076,-0.27123109187643074,-0.6797900971134061,-0.2171348991525194,-0.8030744386045341,0.36013934475581055,-0.16634529796445308,-0.7655588322609702,0.20346356302331844,-0.07959818492790892,-0.4673536389915471,0.2736266023864262,0.43493464151937145,-0.18973755543415993,1.0,0.22386079773740558,-0.11361781401601011,0.2677791853152465,0.22386079773740558,-0.11361781401601011,0.2677791853152465,-0.35526369648462996,-0.8531932016554271,0.184084633244274,0.18768332216532665,-0.23986998989869004,0.8671738796324095,0.311861169284294,-0.28795116763581274,0.8678668635777359,0.3232283673341086,-0.2776102228928668,0.8671738796324095,0.3245017447858727,-0.2766350908862677,0.8663985716896189,0.32264525387053244,-0.2745460456351363,0.8645227975875674
mcariOneMean,0.07207597002249702,0.6625964802793286,-0.2522754079439929,-0.23301726961540806,-0.13549642488437957,-0.2647464622751492,-0.20465007902272853,-0.13959437478903675,-0.06578809302428495,0.759255027070226,0.8320914808907802,0.2670602611636199,0.2785951771690156,0.17828918317287365,0.2626333136430229,0.9453081110561741,0.4653562846587413,0.9657945362730623,0.6134808579614853,,0.3927482875216964,0.3927482875216964,-0.43478169293199687,-0.9194915668698587,-0.16200493860885323,-0.038354132823862255,-0.012175134042582516,0.695871979119629,-0.07331791834483836,0.07976262038395897,0.2693778659199611,0.3372380990442639,-0.8882856687986562,0.9068397517911428,0.5990333486062257,-0.2744499525169774,0.22386079773740558,1.0,0.6498087837873511,0.9542209990869127,1.0,0.6498087837873511,0.9542209990869127,-0.21135786608143842,-0.42773186845889827,0.2852566643502959,0.6625964802793287,0.259006973950903,0.4413588024103635,0.9313933086294935,0.03709495779786612,0.4289323433559449,0.9350471720453822,0.10753165863544527,0.44135880241036357,0.9353911707214925,0.11183984445723329,0.4432153524817027,0.9368736302562629,0.12032063514378032,0.45191261822557416
mcariOneMax,0.3118475014566397,0.40096097426974586,0.11210742010012727,0.08284177671002878,0.12739007887026302,0.053205137057885314,0.16379159643245217,0.11008567170781827,0.12300813164859425,0.4262677646140925,0.44990786242532865,0.2814503113410466,0.15952797161683643,0.32929202161753357,0.4179875795266558,0.5614678598599956,0.41436678692945283,0.5720390928443888,0.5174052986441832,,0.22617470412418975,0.22617470412418975,-0.21364983034180113,-0.4656839205471502,0.1563315063628235,0.06911987615227816,0.1319956216360037,0.36771899291850374,0.0005411242104007742,0.1790127299840081,0.14151399641710824,0.19808240010812525,-0.43290612881006385,0.5336712345283303,0.1423667291031862,-0.15397994686023866,-0.11361781401601011,0.6498087837873511,1.0,0.5633298664549451,0.6498087837873509,1.0,0.5633298664549451,0.15915738605302282,0.10100276721821733,0.16985470336775302,0.40096097426974575,0.2931586005583406,0.08664294153809367,0.5677188092238602,0.22733976054416982,0.08507711065423185,0.5557515354141368,0.2562777367742982,0.08664294153809371,0.5541859297450593,0.25771182200353593,0.08685606400923869,0.5566324034384992,0.2681540016331793,0.09362572661311112
mcariOneMin,-0.012793393574284558,0.636060902279519,-0.3572832150573482,-0.3694402422033824,-0.24625135444165913,-0.37875767987032555,-0.27001881432410735,-0.2711793600995911,-0.10767571225919649,0.6798359456896336,0.899050771098535,0.2216529677486432,0.308618449798426,0.13637258132699376,0.1718015428937439,0.989310911701097,0.38824173137253776,0.9112043056478587,0.5273465461794165,,0.30956272611529756,0.30956272611529756,-0.5484368742331915,-0.9579097287340522,-0.2543557594712477,-0.0399357141849975,-0.032401285211337096,0.7969189399789314,-0.04364190167620215,0.07274430333094721,0.3003152894333716,0.3198875129426275,-0.8626287085560324,0.9774611846608549,0.6167610331331949,-0.3056024544701619,0.2677791853152465,0.9542209990869127,0.5633298664549451,1.0,0.9542209990869127,0.5633298664549455,1.0,-0.24302571550310464,-0.4687456566049574,0.31606755534394565,0.6360609022795192,0.16216064856570414,0.48324185710733664,0.9216649453368373,-0.027166570335518402,0.46895159728360436,0.9238389939283835,0.028538887466858575,0.48324185710733664,0.9238946617613482,0.03205600355970227,0.4854293384461893,0.9252669436630544,0.04189884638147171,0.49399646458728785
mtviOneMean,0.07207597002249702,0.6625964802793286,-0.2522754079439929,-0.23301726961540806,-0.13549642488437957,-0.2647464622751492,-0.20465007902272853,-0.13959437478903675,-0.06578809302428495,0.759255027070226,0.8320914808907802,0.2670602611636199,0.2785951771690156,0.17828918317287365,0.2626333136430229,0.9453081110561741,0.4653562846587413,0.9657945362730623,0.6134808579614853,,0.3927482875216964,0.3927482875216964,-0.43478169293199687,-0.9194915668698587,-0.16200493860885323,-0.038354132823862255,-0.012175134042582516,0.695871979119629,-0.07331791834483836,0.07976262038395897,0.2693778659199611,0.3372380990442639,-0.8882856687986562,0.9068397517911428,0.5990333486062257,-0.2744499525169774,0.22386079773740558,1.0,0.6498087837873509,0.9542209990869127,1.0,0.6498087837873511,0.9542209990869127,-0.21135786608143842,-0.42773186845889827,0.2852566643502959,0.6625964802793287,0.259006973950903,0.4413588024103635,0.9313933086294935,0.03709495779786612,0.4289323433559449,0.9350471720453822,0.10753165863544527,0.44135880241036357,0.9353911707214925,0.11183984445723329,0.4432153524817027,0.9368736302562629,0.12032063514378032,0.45191261822557416
mtviOneMax,0.3118475014566397,0.40096097426974586,0.11210742010012727,0.08284177671002878,0.12739007887026302,0.053205137057885314,0.16379159643245217,0.11008567170781827,0.12300813164859425,0.4262677646140925,0.44990786242532865,0.2814503113410466,0.15952797161683643,0.32929202161753357,0.4179875795266558,0.5614678598599956,0.41436678692945283,0.5720390928443888,0.5174052986441832,,0.22617470412418975,0.22617470412418975,-0.21364983034180113,-0.4656839205471502,0.1563315063628235,0.06911987615227816,0.1319956216360037,0.36771899291850374,0.0005411242104007742,0.1790127299840081,0.14151399641710824,0.19808240010812525,-0.43290612881006385,0.5336712345283303,0.1423667291031862,-0.15397994686023866,-0.11361781401601011,0.6498087837873511,1.0,0.5633298664549455,0.6498087837873511,1.0,0.5633298664549451,0.15915738605302282,0.10100276721821733,0.16985470336775302,0.40096097426974575,0.2931586005583406,0.08664294153809367,0.5677188092238602,0.22733976054416982,0.08507711065423185,0.5557515354141368,0.2562777367742982,0.08664294153809371,0.5541859297450593,0.25771182200353593,0.08685606400923869,0.5566324034384992,0.2681540016331793,0.09362572661311112
mtviOneMin,-0.012793393574284558,0.636060902279519,-0.3572832150573482,-0.3694402422033824,-0.24625135444165913,-0.37875767987032555,-0.27001881432410735,-0.2711793600995911,-0.10767571225919649,0.6798359456896336,0.899050771098535,0.2216529677486432,0.308618449798426,0.13637258132699376,0.1718015428937439,0.989310911701097,0.38824173137253776,0.9112043056478587,0.5273465461794165,,0.30956272611529756,0.30956272611529756,-0.5484368742331915,-0.9579097287340522,-0.2543557594712477,-0.0399357141849975,-0.032401285211337096,0.7969189399789314,-0.04364190167620215,0.07274430333094721,0.3003152894333716,0.3198875129426275,-0.8626287085560324,0.9774611846608549,0.6167610331331949,-0.3056024544701619,0.2677791853152465,0.9542209990869127,0.5633298664549451,1.0,0.9542209990869127,0.5633298664549451,1.0,-0.24302571550310464,-0.4687456566049574,0.31606755534394565,0.6360609022795192,0.16216064856570414,0.48324185710733664,0.9216649453368373,-0.027166570335518402,0.46895159728360436,0.9238389939283835,0.028538887466858575,0.48324185710733664,0.9238946617613482,0.03205600355970227,0.4854293384461893,0.9252669436630544,0.04189884638147171,0.49399646458728785
ngrdiMean,-0.010825743665576261,-0.2825310265181469,0.11172140215045138,0.01843326521419448,0.03318767973750029,0.012891762442521309,0.22093368865909113,0.01669296577054175,0.12560294749716336,-0.23293082156212183,-0.21296842314009035,-0.009220461381026519,0.18890183207498643,0.1553992729000725,0.7740688108330167,-0.26778033184065747,-0.1402985320383809,-0.3260717705315028,-0.27622677968605674,,-0.07409642548024051,-0.07409642548024051,0.09826325913541883,0.2765557291358304,0.4350688192005671,0.06333210740527204,0.06684697784160464,-0.16362739530265022,-0.015679083874765982,-0.13796440648555355,0.1483273068693865,-0.10353773317392026,0.3060698109288845,-0.24045534762072684,-0.8898391250914306,-0.20054046980484164,-0.35526369648462996,-0.21135786608143842,0.15915738605302282,-0.24302571550310464,-0.21135786608143842,0.15915738605302282,-0.24302571550310464,1.0,0.5558689672107119,0.20982149678613712,-0.2825310265181469,-0.08566105413972315,-0.28378797691596147,-0.33920868120907904,0.04355243551398802,-0.27716125795492147,-0.344901216887461,0.01278391312586083,-0.28378797691596147,-0.34554384698209095,0.010951553757906837,-0.2845875162778702,-0.345121965490487,0.010923205389104202,-0.28666606164554215
ngrdiMax,0.3316497750984769,-0.39908827470947733,0.4578671475863922,0.41384069872321716,0.3407502942544933,0.351245761920236,0.5412772512011172,0.42863452269170765,0.5139266736907678,-0.26861733227768597,-0.48566563711669714,0.4258022480713774,-0.17191668547094052,0.5925975610862733,0.3981601644301782,-0.4719273032123371,0.15563845828728767,-0.4455730871036992,-0.2502568865389125,,-0.10547508790075037,-0.10547508790075037,0.4211168915078635,0.4913013069894806,0.6635988618729882,0.20586987705365228,0.5550822145759267,-0.4646114116648513,0.14931633178699036,0.480191863011058,-0.19082896724605333,-0.03492480994502947,0.6246725206812662,-0.4649927334196447,-0.6730020383739929,0.17425675594707346,-0.8531932016554271,-0.42773186845889827,0.10100276721821733,-0.4687456566049574,-0.42773186845889827,0.10100276721821733,-0.4687456566049574,0.5558689672107119,1.0,-0.1632016971956174,-0.3990882747094771,0.11504793358890197,-0.7533408055805516,-0.5156198771116083,0.2302179220256861,-0.7505306166945259,-0.5274008983006078,0.21750996455395502,-0.7533408055805516,-0.5286562142356539,0.21622693246196353,-0.7531932860456689,-0.5273849856484407,0.2132548581299925,-0.7548066519899322
ngrdiMin,-0.329089170059114,0.15208271097740006,-0.411634776747771,-0.44307018398638764,-0.38025648949255286,-0.42424394248383007,-0.3264706919540034,-0.3914589287679689,-0.20469891781790145,0.08210685404567823,0.3821967094770201,-0.14732626330230264,0.9946213678910973,-0.1219994396586912,0.19086390240371764,0.2929784314116114,-0.1586598532098347,0.20552350336812186,-0.0031505354053577438,,0.0528214331997956,0.0528214331997956,-0.4044862541214506,-0.303382849831354,-0.3011794048203754,0.08546096636897621,-0.20525326511685643,0.4147044549400259,0.05135541020420973,-0.20287353691504215,0.9860310514397098,0.13189461614391818,-0.3391373520678599,0.311884457109028,0.006264317393867538,-0.9967838439023682,0.184084633244274,0.2852566643502959,0.16985470336775302,0.31606755534394565,0.2852566643502959,0.16985470336775302,0.31606755534394565,0.20982149678613712,-0.1632016971956174,1.0,0.1520827109773998,-0.21739561904425644,0.3226864507532961,0.2821513700384231,-0.18309238511155887,0.33109200266894906,0.28745234021622873,-0.20138239682268239,0.32268645075329633,0.2878609959342723,-0.20209469483982864,0.3213306067225797,0.2871940705129729,-0.19769549938118583,0.32401630980861523
ndviMean,0.3620606360128911,1.0,0.006895830199920127,0.013709670178943662,0.014202399452911324,-0.03606869944521346,-0.016554601998096215,0.027960649215108376,0.2630070950222998,0.37160835647346885,0.5823263154413737,0.17142256809777212,0.15235409391466329,0.08905439184616887,-0.04274217685952452,0.637460567345957,0.2965970638137483,0.6077261461417035,0.3252766839977255,,0.06261554756762831,0.06261554756762831,-0.39935693097610514,-0.6334085932933231,-0.2267528885172519,0.04718216525150593,0.11801345851747086,0.5404721756746396,-1.7076327569102116e-05,0.11491248554859348,0.15580268810080217,0.22180217409750097,-0.5607216578908298,0.6239233306754224,0.5434964400618228,-0.14794545588769134,0.18768332216532665,0.6625964802793287,0.40096097426974575,0.6360609022795192,0.6625964802793287,0.40096097426974575,0.6360609022795192,-0.2825310265181469,-0.3990882747094771,0.1520827109773998,1.0,0.4650255050280572,0.29111427392027023,0.7093585696278103,-0.010211151247479905,0.28362482351092216,0.7084011629631506,0.02650949885449418,0.29111427392027034,0.7081511982134624,0.028888327879752557,0.29228486105623463,0.7083989756164202,0.03442821690257473,0.2982062881923905
ndviMax,0.5989404433032233,0.4650255050280572,0.4525477487903026,0.46960954936746235,0.3873989098844291,0.40559647656735665,0.35223464422633555,0.39295374051568027,0.3032806478347134,0.2679375221363084,-0.12623808856141727,0.35848396274633887,-0.22666192404612842,0.30966981357703255,0.1435034622601579,0.16359449921301375,0.4342879055502352,0.2719630691368219,0.177064041509091,,0.007610408429408505,0.007610408429408505,0.23347521771482047,-0.15852943539905107,0.38851432840542616,0.06521570539655087,0.33345675482892023,-0.23742393251257632,-0.007263882938026773,0.2710498001442799,-0.23123280598018403,0.1436884117895458,-0.07583832163343912,0.12372530793548572,0.132886252342719,0.2328966332372421,-0.23986998989869004,0.259006973950903,0.2931586005583406,0.16216064856570414,0.259006973950903,0.2931586005583406,0.16216064856570414,-0.08566105413972315,0.11504793358890197,-0.21739561904425644,0.4650255050280572,1.0,-0.17727101586610214,0.22051545768946687,0.6668091833025125,-0.1724885615639852,0.2063229094890054,0.7566763588636879,-0.1772710158661023,0.20464291967134238,0.7610234744288491,-0.17839068515345882,0.2071935896889591,0.7587682890633457,-0.1725052757118335
ndviMin,-0.42760269535921885,0.29111427392027023,-0.5812669496537491,-0.5289443141876267,-0.45073934442466196,-0.4780285167547488,-0.6171681788802067,-0.49416669652542206,-0.8326371215633988,0.2189848670506143,0.5295963419531533,-0.6332516726186792,0.32159301082729885,-0.6859883787979961,-0.18407770861023562,0.48078132281803415,-0.2149261272107476,0.4102060363807924,0.1528572591194847,,0.09332251850900196,0.09332251850900196,-0.4833175416609611,-0.46433771664596374,-0.6204147611710996,-0.1714085713104218,-0.7732709215959752,0.5358281559017001,-0.17384881712849723,-0.6595874071314697,0.33219902893241937,0.02606754871763814,-0.612989214421884,0.48905091505540477,0.46901935560823427,-0.3230429766695702,0.8671738796324095,0.4413588024103635,0.08664294153809367,0.48324185710733664,0.4413588024103635,0.08664294153809367,0.48324185710733664,-0.28378797691596147,-0.7533408055805516,0.3226864507532961,0.29111427392027023,-0.17727101586610214,1.0,0.5034485198595092,-0.1783103737895393,0.9967097788296104,0.5127095168619109,-0.1667125741256261,1.0,0.5136670924866188,-0.16571729265115348,0.9998979925238691,0.5125190519546691,-0.16069124461244,0.9999057486352002
rviMean,0.05172819034539679,0.7093585696278103,-0.2943967068506784,-0.2633984615076732,-0.15653614297486493,-0.2890844843089109,-0.25466153614691295,-0.15605925534133902,-0.09361851341075512,0.5056960440223351,0.8173065913240527,0.13545678180540557,0.281501215952461,0.06394614113435815,-0.020905505384845962,0.9124385396794391,0.2786577819825765,0.8429530096788259,0.4796864645642117,,0.18339115881573642,0.18339115881573642,-0.6053048645719185,-0.9178954710291287,-0.3335760076337026,0.01575698706800788,-0.0507592028034757,0.7664471988508158,-0.06342408876454522,0.07542285513543091,0.28710441663189695,0.3549298920435181,-0.8526925606417344,0.9024372984848122,0.7249030947657997,-0.27450216100723474,0.311861169284294,0.9313933086294935,0.5677188092238602,0.9216649453368373,0.9313933086294935,0.5677188092238602,0.9216649453368373,-0.33920868120907904,-0.5156198771116083,0.2821513700384231,0.7093585696278103,0.22051545768946687,0.5034485198595092,1.0,0.03780489460047346,0.49421737305498054,0.9987716896825849,0.09640094182204875,0.5034485198595092,0.998422710123242,0.09999336824248801,0.5046623422132879,0.9986809754131818,0.10833369985422305,0.5130849156183349
rviMax,0.2867300859733723,-0.010211151247479905,0.333996029243195,0.33744421952291237,0.3152461682544276,0.3301435748015395,0.23238876461358005,0.24865066914061065,0.054565791643491304,0.016870040998790758,-0.35028657991575984,0.14688467810271383,-0.18886388408588278,0.18092721822938135,0.09878134895286893,-0.012861852301600432,0.12230014001595287,0.020974772849789276,-0.0028756013207415936,,-0.02302111673612172,-0.02302111673612172,0.1797097871040429,-0.0015080672546672188,0.3742603750755439,0.060804441085592624,0.15115996441653834,-0.42285387299306154,-0.042737229926506484,0.15188865004428373,-0.19179245920139584,0.1168557470995809,0.04634219265189041,-0.02604691069615144,-0.0481692978695046,0.19325233834058125,-0.28795116763581274,0.03709495779786612,0.22733976054416982,-0.027166570335518402,0.03709495779786612,0.22733976054416982,-0.027166570335518402,0.04355243551398802,0.2302179220256861,-0.18309238511155887,-0.010211151247479905,0.6668091833025125,-0.1783103737895393,0.03780489460047346,1.0,-0.1647480512502582,0.02406901144244839,0.9789599960575307,-0.17831037378953937,0.022396466891231023,0.9764063775369483,-0.18115775933090064,0.02392277036405134,0.9776836333583298,-0.17669502447757593
rviMin,-0.4218055919619615,0.28362482351092216,-0.5642370649972699,-0.5191405191542624,-0.4445688716438504,-0.4668082966586397,-0.5990712485436032,-0.4910234298363677,-0.8383625302852834,0.2037171874188729,0.5160240171377393,-0.6428403023925096,0.33173716007423776,-0.6951629410809047,-0.18738698162496598,0.4669872241341473,-0.22636896189682368,0.3957250787124521,0.14978324295594467,,0.07516950883419554,0.07516950883419554,-0.47828394828375514,-0.45082332785397394,-0.6147275586668811,-0.1751947279515063,-0.7778824212979258,0.5251980384007242,-0.18238995148090634,-0.6694200230519499,0.3419617716387142,0.021889105931069703,-0.6016780716165256,0.4756812719679286,0.4590265576586871,-0.33245930237779225,0.8678668635777359,0.4289323433559449,0.08507711065423185,0.46895159728360436,0.4289323433559449,0.08507711065423185,0.46895159728360436,-0.27716125795492147,-0.7505306166945259,0.33109200266894906,0.28362482351092216,-0.1724885615639852,0.9967097788296104,0.49421737305498054,-0.1647480512502582,1.0,0.5025695109374597,-0.15538404681183102,0.9967097788296111,0.5034007488608635,-0.15453906226601796,0.9954596748828531,0.5023099447943868,-0.14938287905649372,0.9964178603100343
nrviMean,0.03983172384362826,0.7084011629631506,-0.3025055117003431,-0.2694156842395043,-0.16247163100607012,-0.29498211241576383,-0.26513442224396316,-0.16283359728286928,-0.10120654536029326,0.519275893770642,0.8230801479127362,0.1316880501856277,0.28665467099602204,0.057001369981619476,-0.01846298059558449,0.9138126183905095,0.27529146796181836,0.8509293322294788,0.48404229420668926,,0.200758504550008,0.200758504550008,-0.6058107442301147,-0.9252392604945111,-0.34291350470902693,0.004367992259828279,-0.06050127672479193,0.7682197150629029,-0.06671011997103253,0.06734932612631647,0.29182693472802856,0.3478077120529402,-0.864954830788618,0.901915058690731,0.731290592228386,-0.2801103265883587,0.3232283673341086,0.9350471720453822,0.5557515354141368,0.9238389939283835,0.9350471720453822,0.5557515354141368,0.9238389939283835,-0.344901216887461,-0.5274008983006078,0.28745234021622873,0.7084011629631506,0.2063229094890054,0.5127095168619109,0.9987716896825849,0.02406901144244839,0.5025695109374597,1.0,0.0818315097895188,0.5127095168619111,0.9999778555173828,0.08540032641491777,0.5140847129173806,0.9999836260144946,0.09354390112384993,0.5223207169532672
nrviMax,0.3171732869123039,0.02650949885449418,0.33778563910781834,0.35590456063577186,0.333192400685481,0.33882084133921997,0.2339060454153531,0.2777761557821605,0.05210176978126158,0.09465690615080265,-0.3140358864342516,0.20087327007015354,-0.2093125794903245,0.21429789881068198,0.12510751403751919,0.04021294459469039,0.20259183714708107,0.09847889529147812,0.04417302111052792,,-0.0052574301041132965,-0.0052574301041132965,0.20669285306771398,-0.05181370105215031,0.4005755794469366,0.05287338618371941,0.17848120040753063,-0.40358926557996794,-0.0525777903737407,0.17673377500737056,-0.21331169845498762,0.14098683406713688,-0.0005630956471847212,0.018671545546664538,-0.00024023255516003307,0.21484539017347806,-0.2776102228928668,0.10753165863544527,0.2562777367742982,0.028538887466858575,0.10753165863544527,0.2562777367742982,0.028538887466858575,0.01278391312586083,0.21750996455395502,-0.20138239682268239,0.02650949885449418,0.7566763588636879,-0.1667125741256261,0.09640094182204875,0.9789599960575307,-0.15538404681183102,0.0818315097895188,1.0,-0.1667125741256257,0.08006947471480118,0.9999244897592987,-0.16919974668368673,0.08199188900365777,0.9997416075882812,-0.16412861178977323
nrviMin,-0.42760269535921896,0.29111427392027034,-0.581266949653749,-0.5289443141876268,-0.4507393444246623,-0.47802851675474894,-0.6171681788802069,-0.4941666965254225,-0.8326371215633984,0.21898486705061443,0.5295963419531535,-0.6332516726186792,0.3215930108272991,-0.6859883787979961,-0.18407770861023548,0.4807813228180346,-0.2149261272107478,0.41020603638079206,0.1528572591194847,,0.09332251850900193,0.09332251850900193,-0.4833175416609613,-0.46433771664596374,-0.6204147611710998,-0.17140857131042192,-0.7732709215959758,0.5358281559017003,-0.17384881712849726,-0.65958740713147,0.3321990289324196,0.026067548717638136,-0.6129892144218841,0.4890509150554047,0.4690193556082343,-0.32304297666957044,0.8671738796324095,0.44135880241036357,0.08664294153809371,0.48324185710733664,0.44135880241036357,0.08664294153809371,0.48324185710733664,-0.28378797691596147,-0.7533408055805516,0.32268645075329633,0.29111427392027034,-0.1772710158661023,1.0,0.5034485198595092,-0.17831037378953937,0.9967097788296111,0.5127095168619111,-0.1667125741256257,1.0,0.5136670924866189,-0.16571729265115337,0.9998979925238692,0.5125190519546693,-0.16069124461243994,0.9999057486352004
tviMean,0.03863310878902608,0.7081511982134624,-0.3032903329326558,-0.2698861567402533,-0.16306070639934897,-0.29554429775016655,-0.2661847170234165,-0.16330824329223478,-0.10204378988704887,0.521071030759523,0.8234855786945905,0.13132060737512902,0.2870343538745848,0.05622516058154067,-0.01798107248315025,0.9137310542123626,0.2750652503570908,0.8518733208737262,0.48468243577934383,,0.20303076073035004,0.20303076073035004,-0.605320788125474,-0.9259352065971673,-0.34370343005313564,0.002650960934514496,-0.06164903189361441,0.7680552610629785,-0.06724540520881161,0.06637064364946398,0.2921426488149089,0.34658907870316763,-0.8663210510316449,0.9015468117689368,0.7319658825184993,-0.2805512855514249,0.3245017447858727,0.9353911707214925,0.5541859297450593,0.9238946617613482,0.9353911707214925,0.5541859297450593,0.9238946617613482,-0.34554384698209095,-0.5286562142356539,0.2878609959342723,0.7081511982134624,0.20464291967134238,0.5136670924866188,0.998422710123242,0.022396466891231023,0.5034007488608635,0.9999778555173828,0.08006947471480118,0.5136670924866189,1.0,0.08363582978939887,0.5150648053842947,0.9999714371626417,0.09174989335172093,0.5232732939535428
tviMax,0.31852217134326777,0.028888327879752557,0.3375905803728241,0.3565416389772158,0.3339801378442438,0.3389507310162681,0.2336149001238408,0.27904041924876993,0.0519521809091145,0.09935595770152342,-0.3112019568344894,0.20386900561230428,-0.21015341526067471,0.21604669879762073,0.1266442264138118,0.04356830500044275,0.20693097262009982,0.10320249978541955,0.04704059444948745,,-0.003983940658950764,-0.003983940658950764,0.20769321064343466,-0.05511710087004365,0.40154834547108886,0.052623572713061284,0.17986205139371927,-0.40170736137299795,-0.05286149826479065,0.17797596095192103,-0.21422177717710908,0.1425240053597271,-0.0037529086235971636,0.02154837907476538,0.0027064499541759966,0.21575701619269796,-0.2766350908862677,0.11183984445723329,0.25771182200353593,0.03205600355970227,0.11183984445723329,0.25771182200353593,0.03205600355970227,0.010951553757906837,0.21622693246196353,-0.20209469483982864,0.028888327879752557,0.7610234744288491,-0.16571729265115348,0.09999336824248801,0.9764063775369483,-0.15453906226601796,0.08540032641491777,0.9999244897592987,-0.16571729265115337,0.08363582978939887,1.0,-0.16817988621088678,0.08557930279670685,0.9997230177131705,-0.16307616271687103
tviMin,-0.42835457566650903,0.29228486105623463,-0.5839900955723769,-0.5304506374227589,-0.45162333091710993,-0.47991447272179233,-0.619832373957798,-0.4943182834610017,-0.8309694929597647,0.22147170355523355,0.5317749133529981,-0.6309894408122552,0.31993952881289345,-0.683743890449192,-0.18326004110914598,0.4828132564998623,-0.2128554200558825,0.4124214373771194,0.15330035722227453,,0.09669301125159974,0.09669301125159974,-0.4840736934672317,-0.4663542346957479,-0.621131744180303,-0.17083909066405137,-0.7717533652376303,0.5375349887231222,-0.17237462920093635,-0.657250645528697,0.33054444462000204,0.02663411975303058,-0.6145518398696067,0.4910024627475033,0.4703227244501218,-0.32153239894042107,0.8663985716896189,0.4432153524817027,0.08685606400923869,0.4854293384461893,0.4432153524817027,0.08685606400923869,0.4854293384461893,-0.2845875162778702,-0.7531932860456689,0.3213306067225797,0.29228486105623463,-0.17839068515345882,0.9998979925238691,0.5046623422132879,-0.18115775933090064,0.9954596748828531,0.5140847129173806,-0.16919974668368673,0.9998979925238692,0.5150648053842947,-0.16817988621088678,1.0,0.5139066038343368,-0.163177072261677,0.9998359070766026
saviMean,0.04001220609591486,0.7083989756164202,-0.3023892090922522,-0.2692785744010794,-0.16248310391250653,-0.29490894140247953,-0.265086600940816,-0.16287780793230952,-0.10115072270475532,0.524095061101757,0.8241885475701966,0.13396456631702183,0.286348530074462,0.05857571556617201,-0.015548581516137675,0.9153362976781733,0.2786779379726304,0.8538859506223003,0.48668780028355524,,0.20426509225070966,0.20426509225070966,-0.6035633193844164,-0.9262880301013269,-0.34122454992026086,0.0034419179908572305,-0.05997100385991245,0.7678415182812451,-0.06690931282918115,0.06778454340629277,0.29138231319097346,0.3481118294570271,-0.8664986201028566,0.9029697992894228,0.7313742557872094,-0.2798194769292024,0.32264525387053244,0.9368736302562629,0.5566324034384992,0.9252669436630544,0.9368736302562629,0.5566324034384992,0.9252669436630544,-0.345121965490487,-0.5273849856484407,0.2871940705129729,0.7083989756164202,0.2071935896889591,0.5125190519546691,0.9986809754131818,0.02392277036405134,0.5023099447943868,0.9999836260144946,0.08199188900365777,0.5125190519546693,0.9999714371626417,0.08557930279670685,0.5139066038343368,1.0,0.09372803998765158,0.5221566912946498
saviMax,0.31771202505660423,0.03442821690257473,0.3325664170632646,0.3497183557041292,0.3281294164124043,0.3315191437182266,0.23301548481769635,0.2752115290680974,0.050676905955635496,0.10340535460870587,-0.30000181129586906,0.20389557461232793,-0.20575316347601663,0.2175878063593707,0.12847568059981948,0.054065225114890536,0.21026856892057463,0.11042882841836456,0.053818036021227186,,-0.0034305324947954442,-0.0034305324947954442,0.198311983808691,-0.06336927991129918,0.39833204533093713,0.050758134599674896,0.17822579463339835,-0.39040265551265846,-0.05501040888486943,0.1787103581046342,-0.20990948153847994,0.14231241244726656,-0.010068764449729975,0.03258448384192873,0.006662932261488412,0.21136017412886685,-0.2745460456351363,0.12032063514378032,0.2681540016331793,0.04189884638147171,0.12032063514378032,0.2681540016331793,0.04189884638147171,0.010923205389104202,0.2132548581299925,-0.19769549938118583,0.03442821690257473,0.7587682890633457,-0.16069124461244,0.10833369985422305,0.9776836333583298,-0.14938287905649372,0.09354390112384993,0.9997416075882812,-0.16069124461243994,0.09174989335172093,0.9997230177131705,-0.163177072261677,0.09372803998765158,1.0,-0.15799487286229283
saviMin,-0.4246007395557137,0.2982062881923905,-0.5821375567777279,-0.5299052987866082,-0.45010997660495344,-0.4795168211711985,-0.6170848964181059,-0.49411943868561076,-0.8285343356522389,0.22785823669162034,0.5384340321911576,-0.6243365545500177,0.3228678525649784,-0.6782868951989022,-0.1810602810027028,0.49159789571954976,-0.20691697927781683,0.42073160465595844,0.15943561038776338,,0.0979479792826855,0.0979479792826855,-0.48700661566630754,-0.4749525864791218,-0.619639791034284,-0.17012473183474047,-0.7671125334136524,0.542912455707183,-0.1727663085747296,-0.6525701282007486,0.3333481659734254,0.03163799589938431,-0.6209594358003311,0.4995736330336065,0.475507535729063,-0.32423023798813433,0.8645227975875674,0.45191261822557416,0.09362572661311112,0.49399646458728785,0.45191261822557416,0.09362572661311112,0.49399646458728785,-0.28666606164554215,-0.7548066519899322,0.32401630980861523,0.2982062881923905,-0.1725052757118335,0.9999057486352002,0.5130849156183349,-0.17669502447757593,0.9964178603100343,0.5223207169532672,-0.16412861178977323,0.9999057486352004,0.5232732939535428,-0.16307616271687103,0.9998359070766026,0.5221566912946498,-0.15799487286229283,1.0
